NewQuestion,MC,,,
ID,FIS-P01-01,,,
Title,P01-01,,,
QuestionText,¿Cuál es la fórmula del agua? Escríbela como H<sub>2</sub>O.,HTML,,
Points,2,,,
Difficulty,1,,,
Hint,Tiene dos átomos de hidrógeno.,,,
Feedback,El agua es H₂O: dos hidrógenos y un oxígeno.,,,
Option,100,H₂O,,Correcto.
Option,50,HO₂,,Casi: el número va en el hidrógeno.
Option,0,H₂O₂,,Eso es agua oxigenada.
Option,0,"CO₂, dióxido de carbono",,

NewQuestion,TF,,,
ID,FIS-P01-02,,,
QuestionText,"El ψ² de la función de onda da una densidad de probabilidad.",,,
Points,1,,,
TRUE,100,Así es.,,
FALSE,0,Revisa la interpretación de Born.,,

NewQuestion,MS,,,
ID,FIS-P01-03,,,
QuestionText,Selecciona las partículas del núcleo.,,,
Scoring,RightAnswers,,,
Option,1,Protón,,
Option,1,Neutrón,,
Option,0,Electrón,,
Option,0,Fotón,,

NewQuestion,M,,,
ID,FIS-P02-01,,,
QuestionText,Relaciona cada magnitud con su unidad.,,,
Scoring,EquallyWeighted,,,
Choice,1,Fuerza,,
Choice,2,Energía,,
Choice,2,Trabajo,,
Match,1,Newton,,
Match,2,Joule,,
Match,4,Pascal,,

NewQuestion,O,,,
ID,FIS-P02-02,,,
QuestionText,Ordena del más ligero al más pesado.,,,
Scoring,AllOrNothing,,,
Item,Electrón,,,
Item,Protón,,,
Item,Partícula alfa,,,

NewQuestion,SA,,,
ID,FIS-P02-03,,,
QuestionText,¿Cuántos protones tiene el carbono? Escribe solo el número.,,,
InputBox,1,20,,
Answer,100,6,,
Answer,100,^seis$,regexp,
Answer,50,seis,,

NewQuestion,FIB,,,
ID,FIS-P03-01,,,
Title,Completar,,,
Text,El símbolo del sodio es,,,
Blank,100,Na,,
Text,y su número atómico es,,,
Blank,11,100,,

NewQuestion,WR,,,
ID,FIS-P03-02,,,
QuestionText,"Explica por qué el Ácido clorhídrico es fuerte.",,,
Points,3,,,
AnswerKey,Se disocia por completo en agua.,,,

NewQuestion,MAT,,,
ID,FIS-P03-03,,,
QuestionText,Pregunta aritmética de Brightspace,,,

NewQuestion,MC,,,
ID,FIS-P03-04,,,
QuestionText,Pregunta sin respuesta correcta,,,
Option,0,Uno,,
Option,0,Dos,,
